run_id,stage,checkpoint,steps,examples_seen,unique_examples_seen,response_tokens_seen,input_tokens_seen,audit_pairs,watermark_threshold,watermark_a,watermark_a_prime,watermark_signed_gap,watermark_advantage,watermark_audit_pairs,watermark_raw_score_ties,watermark_p_shard,watermark_log10_p_shard,watermark_discordant_pairs,watermark_positive_pairs,watermark_negative_pairs,watermark_decision_ties,min_k20_threshold,min_k20_a,min_k20_a_prime,min_k20_signed_gap,min_k20_advantage,min_k20_audit_pairs,min_k20_raw_score_ties,min_k20_p_shard,min_k20_log10_p_shard,min_k20_discordant_pairs,min_k20_positive_pairs,min_k20_negative_pairs,min_k20_decision_ties,radio_correct_eligible_tokens,radio_correct_green_tokens,radio_correct_green_rate,radio_correct_gamma_exact,radio_correct_log10_p_radio,radio_wrong_eligible_tokens,radio_wrong_green_tokens,radio_wrong_green_rate,radio_wrong_gamma_exact,radio_wrong_log10_p_radio
run_00,control,B,0,0,0,0,0,8000,0.14203624526310754,0.509125,0.50725,0.001875000000000071,0.001875000000000071,8000,8,0.8255651232001023,-0.08324866252122815,4035,2025,2010,3965,-5.113611551431509,0.455875,0.46075,-0.004875000000000018,0.004875000000000018,8000,2,0.5141706951811421,-0.28889267931470136,3393,1677,1716,4607,100000,25052,0.25052,0.24999502754738748,-0.4536088028990515,100000,25013,0.25013,0.24999502754738748,-0.33540496129899383
run_00,target,P,0,0,0,0,0,8000,3.194864922360634,0.76475,0.092,0.6727500000000001,0.6727500000000001,8000,3,0.0,-1435.0757426081714,5634,5508,126,2366,-5.059642241551326,0.921,0.1895,0.7315,0.7315,8000,2,0.0,-1619.9258562983944,6022,5937,85,1978,100000,27451,0.27451,0.24999502754738748,-69.79322877343903,100000,24938,0.24938,0.24999502754738748,-0.1710297582356314
run_00,target,target_step512,512,16384,16384,5735770,8559667,8000,1.9459580409114874,0.760875,0.232625,0.52825,0.52825,8000,3,0.0,-915.0362573255234,5000,4613,387,3000,-5.339665266183706,0.873375,0.291375,0.5820000000000001,0.5820000000000001,8000,2,0.0,-1158.3743791360487,5054,4855,199,2946,100000,26691,0.26691,0.24999502754738748,-34.13123375139331,100000,24998,0.24998,0.24999502754738748,-0.2961997594521966
run_00,target,target_step1024,1024,32768,32768,11454024,17167576,8000,1.9128388982456437,0.66725,0.1985,0.46875,0.46875,8000,6,0.0,-754.5532520910803,4670,4210,460,3330,-5.394904448435857,0.857875,0.30875,0.5491250000000001,0.5491250000000001,8000,2,0.0,-1059.3358797915337,4855,4624,231,3145,100000,26502,0.26502,0.24999502754738748,-27.23330143688067,100000,25086,0.25086,0.24999502754738748,-0.5769696538707919
run_00,target,target_step2048,2048,65536,65536,22846921,34339604,8000,1.4507710098739792,0.6965,0.276375,0.420125,0.420125,8000,2,0.0,-581.7093340274993,4693,4027,666,3307,-5.460635643738967,0.82225,0.31375,0.5085000000000001,0.5085000000000001,8000,2,0.0,-924.7475078044886,4662,4365,297,3338,100000,26277,0.26277,0.24999502754738748,-20.05148945402113,100000,25076,0.25076,0.24999502754738748,-0.538651056481413
run_00,target,target_step3125,3125,100000,100000,34824285,52365354,8000,1.3118077484584671,0.682375,0.29725,0.38512499999999994,0.38512499999999994,8000,5,0.0,-506.44372387746813,4485,3783,702,3515,-5.516215727879451,0.824375,0.339875,0.4845,0.4845,8000,2,0.0,-861.8568893428229,4506,4191,315,3494,100000,26021,0.26021,0.24999502754738748,-13.244981560728679,100000,25079,0.25079,0.24999502754738748,-0.5499659916711719
run_01,control,B,0,0,0,0,0,8000,0.47751528273411803,0.313,0.319,-0.006000000000000005,0.006000000000000005,8000,9,0.4200851096801199,-0.37666271217390285,3398,1675,1723,4602,-4.575626941827627,0.16175,0.1645,-0.0027500000000000024,0.0027500000000000024,8000,2,0.6393393177615097,-0.19426858672552255,2008,993,1015,5992,100000,24998,0.24998,0.24999502754738748,-0.2961997594521966,100000,25028,0.25028,0.24999502754738748,-0.3780269233741594
run_01,target,P,0,0,0,0,0,8000,2.6421729260588016,0.83875,0.14575,0.6930000000000001,0.6930000000000001,8000,4,0.0,-1442.806456763804,5874,5709,165,2126,-5.036707878112793,0.905875,0.19125,0.714625,0.714625,8000,2,0.0,-1524.1778121264388,5985,5851,134,2015,100000,27646,0.27646,0.24999502754738748,-80.97476251329503,100000,24952,0.24952,0.24999502754738748,-0.19596817918090093
run_01,target,target_step512,512,16384,16384,5750581,8605810,8000,1.8518243447917264,0.745625,0.2115,0.534125,0.534125,8000,6,0.0,-945.5294523170597,4983,4628,355,3017,-5.17958822617164,0.804375,0.235125,0.5692499999999999,0.5692499999999999,8000,2,0.0,-1065.2143434624397,5126,4840,286,2874,100000,26923,0.26923,0.24999502754738748,-43.675048418350784,100000,25029,0.25029,0.24999502754738748,-0.38099268612213866
run_01,target,target_step1024,1024,32768,32768,11444048,17217358,8000,1.6975199717878258,0.6705,0.200125,0.470375,0.470375,8000,9,0.0,-764.7135371267395,4653,4208,445,3347,-5.33028167944688,0.81,0.277,0.533,0.533,8000,2,0.0,-960.8426897388639,4914,4589,325,3086,100000,26617,0.26617,0.24999502754738748,-31.33650553124788,100000,25029,0.25029,0.24999502754738748,-0.38099268612213866
run_01,target,target_step2048,2048,65536,65536,22866167,34392696,8000,1.2760336541725847,0.687125,0.28175,0.405375,0.405375,8000,9,0.0,-567.851596666555,4487,3865,622,3513,-5.346991685720591,0.75325,0.277375,0.475875,0.475875,8000,2,0.0,-797.1919911436897,4609,4208,401,3391,100000,26323,0.26323,0.24999502754738748,-21.428582106251795,100000,25011,0.25011,0.24999502754738748,-0.32998274306127434
run_01,target,target_step3125,3125,100000,100000,34871124,52480289,8000,1.012762609976775,0.712125,0.33675,0.375375,0.375375,8000,8,0.0,-488.51140740435125,4409,3706,703,3591,-5.455798112429106,0.763625,0.3035,0.460125,0.460125,8000,2,0.0,-753.3271552377896,4529,4105,424,3471,100000,26369,0.26369,0.24999502754738748,-22.85256535471565,100000,25001,0.25001,0.24999502754738748,-0.30377313537723694
run_02,control,B,0,0,0,0,0,8000,-0.09961866426513503,0.530875,0.53,0.0008749999999999591,0.0008749999999999591,8000,12,0.9238783145009143,-0.03438522663804472,3943,1975,1968,4057,-4.714511926357563,0.193375,0.206,-0.012624999999999997,0.012624999999999997,8000,7,0.03699212606266682,-1.4318907075937648,2299,1099,1200,5701,100000,25088,0.25088,0.24999502754738748,-0.5848407334006833,100000,25184,0.25184,0.24999502754738748,-1.0477114720935226
run_02,target,P,0,0,0,0,0,8000,2.6604525364582474,0.847625,0.134,0.713625,0.713625,8000,7,0.0,-1517.6494984789372,5985,5847,138,2015,-5.097184969828679,0.92975,0.201125,0.728625,0.728625,8000,7,0.0,-1619.4582480688364,5989,5909,80,2011,100000,27429,0.27429,0.24999502754738748,-68.58354648764332,100000,25189,0.25189,0.24999502754738748,-1.0765528290803799
run_02,target,target_step512,512,16384,16384,5756900,8621939,8000,1.8615429566282957,0.758375,0.201625,0.5567500000000001,0.5567500000000001,8000,7,0.0,-1018.7790262989488,5084,4769,315,2916,-5.220843681922326,0.827375,0.244,0.583375,0.583375,8000,7,0.0,-1131.6281328492712,5141,4904,237,2859,100000,26939,0.26939,0.24999502754738748,-44.376867960920116,100000,25071,0.25071,0.24999502754738748,-0.5201343354334481
run_02,target,target_step1024,1024,32768,32768,11428109,17179251,8000,1.6556249717040394,0.688625,0.2065,0.482125,0.482125,8000,7,0.0,-793.1957640178726,4729,4293,436,3271,-5.396435224092924,0.84075,0.305,0.53575,0.53575,8000,7,0.0,-992.7146531817929,4854,4570,284,3146,100000,26642,0.26642,0.24999502754738748,-32.26715622552283,100000,25195,0.25195,0.24999502754738748,-1.111800870525667
run_02,target,target_step2048,2048,65536,65536,22842583,34330064,8000,1.4336037068286158,0.64925,0.21875,0.4305,0.4305,8000,9,0.0,-645.9442678638487,4518,3981,537,3482,-5.4373174997476434,0.8185,0.315625,0.502875,0.502875,8000,7,0.0,-890.9840097187911,4689,4356,333,3311,100000,26423,0.26423,0.24999502754738748,-24.58399975255276,100000,25074,0.25074,0.24999502754738748,-0.5311932732738335
run_02,target,target_step3125,3125,100000,100000,34842943,52380161,8000,1.0887667662275862,0.698625,0.299125,0.3995000000000001,0.3995000000000001,8000,8,0.0,-550.2016264791772,4482,3839,643,3518,-5.476335855630728,0.781625,0.313,0.468625,0.468625,8000,7,0.0,-781.0558532553076,4555,4152,403,3445,100000,26193,0.26193,0.24999502754738748,-17.657853542220906,100000,25152,0.25152,0.24999502754738748,-0.874448863502357
