stage,steps,examples_seen,unique_examples_seen,n,mean_advantage,std_advantage
target,0,0,0,3,0.693125,0.02043778669523678
control,0,0,0,3,0.0029166666666666785,0.0027166538854505114
target,512,16384,16384,3,0.544,0.015554340230302248
control,512,16384,16384,3,0.006208333333333325,0.004155819213263898
target,1024,32768,32768,3,0.47458333333333336,0.0024569204979675865
control,1024,32768,32768,3,0.005958333333333306,0.004305398742664041
target,2048,65536,65536,3,0.42312500000000003,0.006124999999999976
control,2048,65536,65536,3,0.005624999999999973,0.0029553976043842313
target,3125,100000,100000,3,0.38633333333333336,0.004259792639710666
control,3125,100000,100000,3,0.004124999999999972,0.0036996621467371344
target,6250,200000,200000,3,0.33025,0.01843400390582582
control,6250,200000,200000,3,0.005041666666666648,0.006794222423010095
target,12500,400000,400000,3,0.3167083333333333,0.005394345032840742
control,12500,400000,400000,3,0.004041666666666693,0.003750694380155955
