run,checkpoint,score,primary,a,a_prime,signed_gap,advantage,p_shard,log10_p_shard,audit_pairs,threshold,radioactivity_probe,radioactivity_key,eligible_tokens,green_rate,gamma_exact,log10_p_radio,s_n0_rate,s_prime_n0_rate,decision_ties,raw_score_ties
run_00,B,watermark,False,0.509125,0.50725,0.001875000000000071,0.001875000000000071,0.8255651232001023,-0.08324866252122815,8000,0.14203624526310754,s_prime,correct,100000,0.25052,0.24999502754738748,-0.4536088028990515,0.0,0.0,3965,8
run_00,P,watermark,False,0.76475,0.092,0.6727500000000001,0.6727500000000001,0.0,-1435.0757426081714,8000,3.194864922360634,s_prime,correct,100000,0.27451,0.24999502754738748,-69.79322877343903,0.0,0.0,2366,3
run_00,T1,watermark,False,0.709125,0.21675,0.492375,0.492375,0.0,-803.5809585874513,8000,1.9000711196230409,s_prime,correct,100000,0.26736,0.24999502754738748,-35.88977720416914,0.0,0.0,3143,5
run_00,T2,watermark,False,0.789625,0.203875,0.58575,0.58575,0.0,-1106.5368650266496,8000,1.9884562724066446,s_prime,correct,100000,0.26801,0.24999502754738748,-38.508654142462,0.0,0.0,2756,4
run_00,T,watermark,True,0.818625,0.228,0.5906250000000001,0.5906250000000001,0.0,-1115.961215226437,8000,1.914163457648275,s_prime,correct,100000,0.26827,0.24999502754738748,-39.58224660948555,0.0,0.0,2713,3
run_00,T0,watermark,False,0.506375,0.505125,0.0012499999999999734,0.0012499999999999734,0.886476324097662,-0.052332858992615194,8000,0.14811447870643338,s_prime,correct,100000,0.25026,0.24999502754738748,-0.3721424393838533,0.0,0.0,4026,7
run_01,B,watermark,False,0.313,0.319,-0.006000000000000005,0.006000000000000005,0.4200851096801199,-0.37666271217390285,8000,0.47751528273411803,s_prime,correct,100000,0.24998,0.24999502754738748,-0.2961997594521966,0.0,0.000125,4602,9
run_01,P,watermark,False,0.83875,0.14575,0.6930000000000001,0.6930000000000001,0.0,-1442.806456763804,8000,2.6421729260588016,s_prime,correct,100000,0.27646,0.24999502754738748,-80.97476251329503,0.0,0.000125,2126,4
run_01,T1,watermark,False,0.7225,0.2165,0.506,0.506,0.0,-856.8650430121562,8000,1.7095945139268458,s_prime,correct,100000,0.26806,0.24999502754738748,-38.71395900509846,0.0,0.000125,3136,5
run_01,T2,watermark,False,0.756875,0.171375,0.5854999999999999,0.5854999999999999,0.0,-1091.001443128117,8000,1.9712428924403897,s_prime,correct,100000,0.26768,0.24999502754738748,-37.1674435030524,0.0,0.000125,2714,5
run_01,T,watermark,True,0.796875,0.194875,0.602,0.602,0.0,-1154.0781260441572,8000,1.894633493926467,s_prime,correct,100000,0.26826,0.24999502754738748,-39.54067956968203,0.0,0.000125,2658,4
run_01,T0,watermark,False,0.7855,0.79375,-0.00824999999999998,0.00824999999999998,0.20738332982371815,-0.6832261566091873,8000,-0.7853981694958598,s_prime,correct,100000,0.24763,0.24999502754738748,-0.018467580074652965,0.0,0.000125,5342,7
run_02,B,watermark,False,0.530875,0.53,0.0008749999999999591,0.0008749999999999591,0.9238783145009143,-0.03438522663804472,8000,-0.09961866426513503,s_prime,correct,100000,0.25088,0.24999502754738748,-0.5848407334006833,0.0,0.0,4057,12
run_02,P,watermark,False,0.847625,0.134,0.713625,0.713625,0.0,-1517.6494984789372,8000,2.6604525364582474,s_prime,correct,100000,0.27429,0.24999502754738748,-68.58354648764332,0.0,0.0,2015,7
run_02,T1,watermark,False,0.730875,0.22,0.5108750000000001,0.5108750000000001,0.0,-874.9462680172559,8000,1.617078903760726,s_prime,correct,100000,0.26658,0.24999502754738748,-32.87001095845816,0.0,0.0,3127,8
run_02,T2,watermark,False,0.823625,0.222625,0.6010000000000001,0.6010000000000001,0.0,-1163.650683008853,8000,1.6497439029513639,s_prime,correct,100000,0.26728,0.24999502754738748,-35.57388541799198,0.0,0.0,2698,7
run_02,T,watermark,True,0.792625,0.176625,0.616,0.616,0.0,-1208.093801247723,8000,1.8599533162244262,s_prime,correct,100000,0.2682,0.24999502754738748,-39.291739316002804,0.0,0.0,2606,8
run_02,T0,watermark,False,0.603875,0.607375,-0.0034999999999999476,0.0034999999999999476,0.6589442224074686,-0.18115134553627915,8000,-0.31410299239981226,s_prime,correct,100000,0.25067,0.24999502754738748,-0.5056264122469806,0.0,0.0,4258,9
